superficie,Prix (F CFA),Adresse,Image Link
Non spécifié,6.000.000,"Dakar, Sénégal",https://sn.coinafrique.com/https://images.coinafrique.com/thumb_5198488_uploaded_image1_1740245325.jpg
150,Prix.sur.demande,"Keur Massar, Sénégal",https://sn.coinafrique.com/https://images.coinafrique.com/thumb_5193604_uploaded_image1_1739985447.jpg
150,Prix.sur.demande,"Keur Massar, Sénégal",https://sn.coinafrique.com/https://images.coinafrique.com/thumb_5193596_uploaded_image1_1739985118.jpg
211,235.000.000,"Mermoz-Sacré Coeur, Dakar, Sénégal",https://sn.coinafrique.com/https://images.coinafrique.com/thumb_5169803_uploaded_image1_1738686065.jpg
150,25.000.000,"Keur Massar, Sénégal",https://sn.coinafrique.com/https://images.coinafrique.com/thumb_5193499_uploaded_image1_1739982838.jpg
150,12.000.000,"Keur Massar, Sénégal",https://sn.coinafrique.com/https://images.coinafrique.com/thumb_5193477_uploaded_image1_1739982184.jpg
150,3.500.000,"Toubab Dialao, Sénégal",https://sn.coinafrique.com/https://images.coinafrique.com/thumb_5198366_uploaded_image1_1740241292.jpg
189,110.000.000,"Mamelles, Dakar, Sénégal",https://sn.coinafrique.com/https://images.coinafrique.com/thumb_5169711_uploaded_image1_1738684243.jpg
8500000,20.000,"Mbour, Sénégal",https://sn.coinafrique.com/https://images.coinafrique.com/thumb_5188390_uploaded_image1_1739721719.jpg
375,15.000.000,"Mbour, Sénégal",https://sn.coinafrique.com/https://images.coinafrique.com/thumb_5188370_uploaded_image1_1739720621.jpg
150,85.000.000,"Dakar, Sénégal",https://sn.coinafrique.com/https://images.coinafrique.com/thumb_5177409_uploaded_image1_1739107606.jpg
600,22.000.000,"Saly, Sénégal",https://sn.coinafrique.com/https://images.coinafrique.com/thumb_5198319_uploaded_image1_1740238235.jpg
150,5.000.000,"Almadies 2, Dakar, Sénégal",https://sn.coinafrique.com/https://images.coinafrique.com/thumb_5179205_uploaded_image1_1739199927.jpg
386,35.000.000,"Lac rose, Sénégal",https://sn.coinafrique.com/https://images.coinafrique.com/thumb_5198235_uploaded_image1_1740233301.jpg
1000000,15.000,"Thies, Sénégal",https://sn.coinafrique.com/https://images.coinafrique.com/thumb_5156832_uploaded_image1_1738059421.jpg
500,50.000.000,"Saly, Sénégal",https://sn.coinafrique.com/https://images.coinafrique.com/thumb_5170185_uploaded_image1_1738700165.jpg
6,7.000.000,"Mbour, Sénégal",https://sn.coinafrique.com/https://images.coinafrique.com/thumb_5170154_uploaded_image1_1738699432.jpg
150,Prix.sur.demande,"Keur Massar, Sénégal",https://sn.coinafrique.com/https://images.coinafrique.com/thumb_5184614_uploaded_image1_1739468438.jpg
13000,4.000.000,"Thies, Sénégal",https://sn.coinafrique.com/https://images.coinafrique.com/thumb_5198085_uploaded_image1_1740224540.jpg
200,1.950.000,"Thies, Sénégal",https://sn.coinafrique.com/https://images.coinafrique.com/thumb_5172277_uploaded_image1_1738801652.jpg
225,3.499.500,"Thies, Sénégal",https://sn.coinafrique.com/https://images.coinafrique.com/thumb_5172279_uploaded_image1_1738801746.jpg
50443,25.000,"Thies, Sénégal",https://sn.coinafrique.com/https://images.coinafrique.com/thumb_5173833_uploaded_image1_1738875548.jpg
150,65.000.000,"Keur Massar, Sénégal",https://sn.coinafrique.com/https://images.coinafrique.com/thumb_5197050_uploaded_image1_1740163097.jpg
1884,2.449.200.000,"Almadies, Dakar, Sénégal",https://sn.coinafrique.com/https://images.coinafrique.com/thumb_5162752_uploaded_image1_1738343088.jpg
445,150.000.000,"Saint Louis, Sénégal",https://sn.coinafrique.com/https://images.coinafrique.com/thumb_5173431_uploaded_image1_1738860188.jpg
150,Prix.sur.demande,"Keur Massar, Sénégal",https://sn.coinafrique.com/https://images.coinafrique.com/thumb_5191724_uploaded_image1_1739895757.jpg
150,13.500.000,"Dakar, Sénégal",https://sn.coinafrique.com/https://images.coinafrique.com/thumb_5196885_uploaded_image1_1740154366.jpg
300,5.000.000,"Mbour, Sénégal",https://sn.coinafrique.com/https://images.coinafrique.com/thumb_5196809_uploaded_image1_1740152582.jpg
Non spécifié,67.000.000,"Almadies 2, Dakar, Sénégal",https://sn.coinafrique.com/https://images.coinafrique.com/thumb_5191546_uploaded_image1_1739890171.68.jpeg
20304,300.000,"Ouest Foire, Dakar, Sénégal",https://sn.coinafrique.com/https://images.coinafrique.com/thumb_5187104_uploaded_image1_1739630271.jpg
150,17.000.000,"Almadies 2, Dakar, Sénégal",https://sn.coinafrique.com/https://images.coinafrique.com/thumb_5173499_uploaded_image1_1738862635.jpg
3723,22.000,"Saly, Sénégal",https://sn.coinafrique.com/https://images.coinafrique.com/thumb_5196508_uploaded_image1_1740139746.jpg
150,17.000.000,"Rufisque, Sénégal",https://sn.coinafrique.com/https://images.coinafrique.com/thumb_5196402_uploaded_image1_1740134421.jpg
1001,565.000.000,"Mamelles, Dakar, Sénégal",https://sn.coinafrique.com/https://images.coinafrique.com/thumb_5166588_uploaded_image1_1738573953.jpg
200,140.000.000,"Dieuppeul-Derklé, Dakar, Sénégal",https://sn.coinafrique.com/https://images.coinafrique.com/thumb_5152064_uploaded_image1_1737767255.jpg
287,15.000.000,"Sicap foire, Dakar, Sénégal",https://sn.coinafrique.com/https://images.coinafrique.com/thumb_5152058_uploaded_image1_1737766784.jpg
294,149.000.000,"Mariste, Dakar, Sénégal",https://sn.coinafrique.com/https://images.coinafrique.com/thumb_5166238_uploaded_image1_1738541521.jpg
150,Prix.sur.demande,"Mbao, Dakar, Sénégal",https://sn.coinafrique.com/https://images.coinafrique.com/thumb_5161590_uploaded_image1_1738273309.jpg
216,60.000.000,"Ngor, Dakar, Sénégal",https://sn.coinafrique.com/https://images.coinafrique.com/thumb_5161464_uploaded_image1_1738269005.jpg
150,40.000.000,"Keur Massar, Sénégal",https://sn.coinafrique.com/https://images.coinafrique.com/thumb_5195479_uploaded_image1_1740073765.jpg
150,10.000.000,"Almadies 2, Dakar, Sénégal",https://sn.coinafrique.com/https://images.coinafrique.com/thumb_5181121_uploaded_image1_1739294420.jpg
300,23.000.000,"Thies, Sénégal",https://sn.coinafrique.com/https://images.coinafrique.com/thumb_5195443_uploaded_image1_1740072631.jpg
Non spécifié,40.000,"Toubab Dialao, Sénégal",https://sn.coinafrique.com/https://images.coinafrique.com/thumb_5171598_uploaded_image1_1738771612.jpg
204,135.000.000,"Almadies, Dakar, Sénégal",https://sn.coinafrique.com/https://images.coinafrique.com/thumb_5185964_uploaded_image1_1739546525.jpg
Non spécifié,30.000,"Mbour, Sénégal",https://sn.coinafrique.com/https://images.coinafrique.com/thumb_5195250_uploaded_image1_1740065356.jpg
300,5.000.000,"Toubab Dialao, Sénégal",https://sn.coinafrique.com/https://images.coinafrique.com/thumb_5195084_uploaded_image1_1740059188.jpg
10000,Prix.sur.demande,"Mbour, Sénégal",https://sn.coinafrique.com/https://images.coinafrique.com/thumb_5195019_uploaded_image1_1740057159.jpg
300,2.500.000,"Mbour, Sénégal",https://sn.coinafrique.com/https://images.coinafrique.com/thumb_5195000_uploaded_image1_1740056525.jpg
17722,40.000,"Mbour, Sénégal",https://sn.coinafrique.com/https://images.coinafrique.com/thumb_5194983_uploaded_image1_1740056048.jpg
160,12.000.000,"Lac rose, Sénégal",https://sn.coinafrique.com/https://images.coinafrique.com/thumb_5194949_uploaded_image1_1740054936.jpg
18800,3.000,"Mbour, Sénégal",https://sn.coinafrique.com/https://images.coinafrique.com/thumb_5194940_uploaded_image1_1740054814.jpg
1000,35.000.000,"Mbour, Sénégal",https://sn.coinafrique.com/https://images.coinafrique.com/thumb_5194902_uploaded_image1_1740053722.jpg
450,50.000.000,"Mbour, Sénégal",https://sn.coinafrique.com/https://images.coinafrique.com/thumb_5194888_uploaded_image1_1740053371.jpg
Non spécifié,20.000.000,"Mbao, Dakar, Sénégal",https://sn.coinafrique.com/https://images.coinafrique.com/thumb_5194815_uploaded_image1_1740051261.2.jpeg
200,95.000.000,"Dakar, Sénégal",https://sn.coinafrique.com/https://images.coinafrique.com/thumb_5189307_uploaded_image1_1739790564.jpg
Non spécifié,15.000.000,"Thies, Sénégal",https://sn.coinafrique.com/https://images.coinafrique.com/thumb_5194598_uploaded_image1_1740044867.jpg
150,22.000.000,"Keur Massar, Sénégal",https://sn.coinafrique.com/https://images.coinafrique.com/thumb_5150456_uploaded_image1_1737675170.jpg
300,18.000.000,"Saly, Sénégal",https://sn.coinafrique.com/https://images.coinafrique.com/thumb_5193868_uploaded_image1_1739994372.jpg
215,140.000.000,"Mamelles, Dakar, Sénégal",https://sn.coinafrique.com/https://images.coinafrique.com/thumb_5170063_uploaded_image1_1738695163.jpg
150,18.000.000,"Rufisque, Sénégal",https://sn.coinafrique.com/https://images.coinafrique.com/thumb_5193731_uploaded_image1_1739989516.jpg
150,14.000.000,"Guediawaye, Dakar, Sénégal",https://sn.coinafrique.com/https://images.coinafrique.com/thumb_5169931_uploaded_image1_1738689598.jpg
150,9.500.000,"Almadies 2, Dakar, Sénégal",https://sn.coinafrique.com/https://images.coinafrique.com/thumb_5177615_uploaded_image1_1739119600.jpg
180,4.500.000,"Thies, Sénégal",https://sn.coinafrique.com/https://images.coinafrique.com/thumb_5193417_uploaded_image1_1739980963.jpg
300,9.000.000,"Mbour, Sénégal",https://sn.coinafrique.com/https://images.coinafrique.com/thumb_5147651_uploaded_image1_1737555037.jpg
300,15.000.000,"Mbour, Sénégal",https://sn.coinafrique.com/https://images.coinafrique.com/thumb_5147629_uploaded_image1_1737554469.jpg
500,27.000.000,"Mbour, Sénégal",https://sn.coinafrique.com/https://images.coinafrique.com/thumb_5147616_uploaded_image1_1737554003.jpg
300,16.000.000,"Mbour, Sénégal",https://sn.coinafrique.com/https://images.coinafrique.com/thumb_5147599_uploaded_image1_1737553441.jpg
150,7.000.000,"Dakar, Sénégal",https://sn.coinafrique.com/https://images.coinafrique.com/thumb_5185399_uploaded_image1_1739524722.jpg
150,39.999.000,"Cambérène, Dakar, Sénégal",https://sn.coinafrique.com/https://images.coinafrique.com/thumb_5192372_uploaded_image1_1739923132.jpg
165,140.000.000,"Sacré-Coeur, Dakar, Sénégal",https://sn.coinafrique.com/https://images.coinafrique.com/thumb_5167779_uploaded_image1_1738611038.jpg
180,160.000.000,"Mermoz-Sacré Coeur, Dakar, Sénégal",https://sn.coinafrique.com/https://images.coinafrique.com/thumb_5167759_uploaded_image1_1738610024.jpg
2300,2.300.000,"Dakar Plateau, Dakar, Sénégal",https://sn.coinafrique.com/https://images.coinafrique.com/thumb_5192024_uploaded_image1_1739905764.jpg
Non spécifié,30.000,"Mariste, Dakar, Sénégal",https://sn.coinafrique.com/https://images.coinafrique.com/thumb_5151186_uploaded_image1_1737720344.jpg
150,14.000.000,"Dakar, Sénégal",https://sn.coinafrique.com/https://images.coinafrique.com/thumb_5191111_uploaded_image1_1739876930.jpg
150,Prix.sur.demande,"Guediawaye, Dakar, Sénégal",https://sn.coinafrique.com/https://images.coinafrique.com/thumb_5189984_uploaded_image1_1739811583.jpg
Non spécifié,10.000.000,"Thies, Sénégal",https://sn.coinafrique.com/https://images.coinafrique.com/thumb_5189978_uploaded_image1_1739811406.jpg
200,2.000.000,"Ndiass, Sénégal",https://sn.coinafrique.com/https://images.coinafrique.com/thumb_5189915_uploaded_image1_1739808596.jpg
300,15.000.000,"Thies, Sénégal",https://sn.coinafrique.com/https://images.coinafrique.com/thumb_5189902_uploaded_image1_1739808259.jpg
150,25.000.000,"Guediawaye, Dakar, Sénégal",https://sn.coinafrique.com/https://images.coinafrique.com/thumb_5189776_uploaded_image1_1739803362.jpg
500,5.500.000,"Mbour, Sénégal",https://sn.coinafrique.com/https://images.coinafrique.com/thumb_5189532_uploaded_image1_1739796321.jpg
150,4.200.000,"Rufisque, Sénégal",https://sn.coinafrique.com/https://images.coinafrique.com/thumb_5188960_uploaded_image1_1739756010.jpg
Non spécifié,1.000.000.000,"Point E, Dakar, Sénégal",https://sn.coinafrique.com/https://images.coinafrique.com/thumb_5147659_uploaded_image1_1737555192.jpg
150,10.000.000,"Rufisque, Sénégal",https://sn.coinafrique.com/https://images.coinafrique.com/thumb_5147369_uploaded_image1_1737547007.jpg
Non spécifié,55.000.000,"Diamniadio, Sénégal",https://sn.coinafrique.com/https://images.coinafrique.com/thumb_5138832_uploaded_image1_1737061324.jpg
Non spécifié,6.000.000,"Dakar, Sénégal",https://sn.coinafrique.com/https://images.coinafrique.com/thumb_5198488_uploaded_image1_1740245325.jpg
150,Prix.sur.demande,"Keur Massar, Sénégal",https://sn.coinafrique.com/https://images.coinafrique.com/thumb_5193604_uploaded_image1_1739985447.jpg
150,Prix.sur.demande,"Keur Massar, Sénégal",https://sn.coinafrique.com/https://images.coinafrique.com/thumb_5193596_uploaded_image1_1739985118.jpg
211,235.000.000,"Mermoz-Sacré Coeur, Dakar, Sénégal",https://sn.coinafrique.com/https://images.coinafrique.com/thumb_5169803_uploaded_image1_1738686065.jpg
150,25.000.000,"Keur Massar, Sénégal",https://sn.coinafrique.com/https://images.coinafrique.com/thumb_5193499_uploaded_image1_1739982838.jpg
150,12.000.000,"Keur Massar, Sénégal",https://sn.coinafrique.com/https://images.coinafrique.com/thumb_5193477_uploaded_image1_1739982184.jpg
150,3.500.000,"Toubab Dialao, Sénégal",https://sn.coinafrique.com/https://images.coinafrique.com/thumb_5198366_uploaded_image1_1740241292.jpg
189,110.000.000,"Mamelles, Dakar, Sénégal",https://sn.coinafrique.com/https://images.coinafrique.com/thumb_5169711_uploaded_image1_1738684243.jpg
8500000,20.000,"Mbour, Sénégal",https://sn.coinafrique.com/https://images.coinafrique.com/thumb_5188390_uploaded_image1_1739721719.jpg
375,15.000.000,"Mbour, Sénégal",https://sn.coinafrique.com/https://images.coinafrique.com/thumb_5188370_uploaded_image1_1739720621.jpg
150,85.000.000,"Dakar, Sénégal",https://sn.coinafrique.com/https://images.coinafrique.com/thumb_5177409_uploaded_image1_1739107606.jpg
600,22.000.000,"Saly, Sénégal",https://sn.coinafrique.com/https://images.coinafrique.com/thumb_5198319_uploaded_image1_1740238235.jpg
150,5.000.000,"Almadies 2, Dakar, Sénégal",https://sn.coinafrique.com/https://images.coinafrique.com/thumb_5179205_uploaded_image1_1739199927.jpg
386,35.000.000,"Lac rose, Sénégal",https://sn.coinafrique.com/https://images.coinafrique.com/thumb_5198235_uploaded_image1_1740233301.jpg
1000000,15.000,"Thies, Sénégal",https://sn.coinafrique.com/https://images.coinafrique.com/thumb_5156832_uploaded_image1_1738059421.jpg
500,50.000.000,"Saly, Sénégal",https://sn.coinafrique.com/https://images.coinafrique.com/thumb_5170185_uploaded_image1_1738700165.jpg
6,7.000.000,"Mbour, Sénégal",https://sn.coinafrique.com/https://images.coinafrique.com/thumb_5170154_uploaded_image1_1738699432.jpg
150,Prix.sur.demande,"Keur Massar, Sénégal",https://sn.coinafrique.com/https://images.coinafrique.com/thumb_5184614_uploaded_image1_1739468438.jpg
13000,4.000.000,"Thies, Sénégal",https://sn.coinafrique.com/https://images.coinafrique.com/thumb_5198085_uploaded_image1_1740224540.jpg
200,1.950.000,"Thies, Sénégal",https://sn.coinafrique.com/https://images.coinafrique.com/thumb_5172277_uploaded_image1_1738801652.jpg
225,3.499.500,"Thies, Sénégal",https://sn.coinafrique.com/https://images.coinafrique.com/thumb_5172279_uploaded_image1_1738801746.jpg
50443,25.000,"Thies, Sénégal",https://sn.coinafrique.com/https://images.coinafrique.com/thumb_5173833_uploaded_image1_1738875548.jpg
150,65.000.000,"Keur Massar, Sénégal",https://sn.coinafrique.com/https://images.coinafrique.com/thumb_5197050_uploaded_image1_1740163097.jpg
1884,2.449.200.000,"Almadies, Dakar, Sénégal",https://sn.coinafrique.com/https://images.coinafrique.com/thumb_5162752_uploaded_image1_1738343088.jpg
445,150.000.000,"Saint Louis, Sénégal",https://sn.coinafrique.com/https://images.coinafrique.com/thumb_5173431_uploaded_image1_1738860188.jpg
150,Prix.sur.demande,"Keur Massar, Sénégal",https://sn.coinafrique.com/https://images.coinafrique.com/thumb_5191724_uploaded_image1_1739895757.jpg
150,13.500.000,"Dakar, Sénégal",https://sn.coinafrique.com/https://images.coinafrique.com/thumb_5196885_uploaded_image1_1740154366.jpg
300,5.000.000,"Mbour, Sénégal",https://sn.coinafrique.com/https://images.coinafrique.com/thumb_5196809_uploaded_image1_1740152582.jpg
Non spécifié,67.000.000,"Almadies 2, Dakar, Sénégal",https://sn.coinafrique.com/https://images.coinafrique.com/thumb_5191546_uploaded_image1_1739890171.68.jpeg
20304,300.000,"Ouest Foire, Dakar, Sénégal",https://sn.coinafrique.com/https://images.coinafrique.com/thumb_5187104_uploaded_image1_1739630271.jpg
150,17.000.000,"Almadies 2, Dakar, Sénégal",https://sn.coinafrique.com/https://images.coinafrique.com/thumb_5173499_uploaded_image1_1738862635.jpg
3723,22.000,"Saly, Sénégal",https://sn.coinafrique.com/https://images.coinafrique.com/thumb_5196508_uploaded_image1_1740139746.jpg
150,17.000.000,"Rufisque, Sénégal",https://sn.coinafrique.com/https://images.coinafrique.com/thumb_5196402_uploaded_image1_1740134421.jpg
1001,565.000.000,"Mamelles, Dakar, Sénégal",https://sn.coinafrique.com/https://images.coinafrique.com/thumb_5166588_uploaded_image1_1738573953.jpg
200,140.000.000,"Dieuppeul-Derklé, Dakar, Sénégal",https://sn.coinafrique.com/https://images.coinafrique.com/thumb_5152064_uploaded_image1_1737767255.jpg
287,15.000.000,"Sicap foire, Dakar, Sénégal",https://sn.coinafrique.com/https://images.coinafrique.com/thumb_5152058_uploaded_image1_1737766784.jpg
294,149.000.000,"Mariste, Dakar, Sénégal",https://sn.coinafrique.com/https://images.coinafrique.com/thumb_5166238_uploaded_image1_1738541521.jpg
150,Prix.sur.demande,"Mbao, Dakar, Sénégal",https://sn.coinafrique.com/https://images.coinafrique.com/thumb_5161590_uploaded_image1_1738273309.jpg
216,60.000.000,"Ngor, Dakar, Sénégal",https://sn.coinafrique.com/https://images.coinafrique.com/thumb_5161464_uploaded_image1_1738269005.jpg
150,40.000.000,"Keur Massar, Sénégal",https://sn.coinafrique.com/https://images.coinafrique.com/thumb_5195479_uploaded_image1_1740073765.jpg
150,10.000.000,"Almadies 2, Dakar, Sénégal",https://sn.coinafrique.com/https://images.coinafrique.com/thumb_5181121_uploaded_image1_1739294420.jpg
300,23.000.000,"Thies, Sénégal",https://sn.coinafrique.com/https://images.coinafrique.com/thumb_5195443_uploaded_image1_1740072631.jpg
Non spécifié,40.000,"Toubab Dialao, Sénégal",https://sn.coinafrique.com/https://images.coinafrique.com/thumb_5171598_uploaded_image1_1738771612.jpg
204,135.000.000,"Almadies, Dakar, Sénégal",https://sn.coinafrique.com/https://images.coinafrique.com/thumb_5185964_uploaded_image1_1739546525.jpg
Non spécifié,30.000,"Mbour, Sénégal",https://sn.coinafrique.com/https://images.coinafrique.com/thumb_5195250_uploaded_image1_1740065356.jpg
300,5.000.000,"Toubab Dialao, Sénégal",https://sn.coinafrique.com/https://images.coinafrique.com/thumb_5195084_uploaded_image1_1740059188.jpg
10000,Prix.sur.demande,"Mbour, Sénégal",https://sn.coinafrique.com/https://images.coinafrique.com/thumb_5195019_uploaded_image1_1740057159.jpg
300,2.500.000,"Mbour, Sénégal",https://sn.coinafrique.com/https://images.coinafrique.com/thumb_5195000_uploaded_image1_1740056525.jpg
17722,40.000,"Mbour, Sénégal",https://sn.coinafrique.com/https://images.coinafrique.com/thumb_5194983_uploaded_image1_1740056048.jpg
160,12.000.000,"Lac rose, Sénégal",https://sn.coinafrique.com/https://images.coinafrique.com/thumb_5194949_uploaded_image1_1740054936.jpg
18800,3.000,"Mbour, Sénégal",https://sn.coinafrique.com/https://images.coinafrique.com/thumb_5194940_uploaded_image1_1740054814.jpg
1000,35.000.000,"Mbour, Sénégal",https://sn.coinafrique.com/https://images.coinafrique.com/thumb_5194902_uploaded_image1_1740053722.jpg
450,50.000.000,"Mbour, Sénégal",https://sn.coinafrique.com/https://images.coinafrique.com/thumb_5194888_uploaded_image1_1740053371.jpg
Non spécifié,20.000.000,"Mbao, Dakar, Sénégal",https://sn.coinafrique.com/https://images.coinafrique.com/thumb_5194815_uploaded_image1_1740051261.2.jpeg
200,95.000.000,"Dakar, Sénégal",https://sn.coinafrique.com/https://images.coinafrique.com/thumb_5189307_uploaded_image1_1739790564.jpg
Non spécifié,15.000.000,"Thies, Sénégal",https://sn.coinafrique.com/https://images.coinafrique.com/thumb_5194598_uploaded_image1_1740044867.jpg
150,22.000.000,"Keur Massar, Sénégal",https://sn.coinafrique.com/https://images.coinafrique.com/thumb_5150456_uploaded_image1_1737675170.jpg
300,18.000.000,"Saly, Sénégal",https://sn.coinafrique.com/https://images.coinafrique.com/thumb_5193868_uploaded_image1_1739994372.jpg
215,140.000.000,"Mamelles, Dakar, Sénégal",https://sn.coinafrique.com/https://images.coinafrique.com/thumb_5170063_uploaded_image1_1738695163.jpg
150,18.000.000,"Rufisque, Sénégal",https://sn.coinafrique.com/https://images.coinafrique.com/thumb_5193731_uploaded_image1_1739989516.jpg
150,14.000.000,"Guediawaye, Dakar, Sénégal",https://sn.coinafrique.com/https://images.coinafrique.com/thumb_5169931_uploaded_image1_1738689598.jpg
150,9.500.000,"Almadies 2, Dakar, Sénégal",https://sn.coinafrique.com/https://images.coinafrique.com/thumb_5177615_uploaded_image1_1739119600.jpg
180,4.500.000,"Thies, Sénégal",https://sn.coinafrique.com/https://images.coinafrique.com/thumb_5193417_uploaded_image1_1739980963.jpg
300,9.000.000,"Mbour, Sénégal",https://sn.coinafrique.com/https://images.coinafrique.com/thumb_5147651_uploaded_image1_1737555037.jpg
300,15.000.000,"Mbour, Sénégal",https://sn.coinafrique.com/https://images.coinafrique.com/thumb_5147629_uploaded_image1_1737554469.jpg
500,27.000.000,"Mbour, Sénégal",https://sn.coinafrique.com/https://images.coinafrique.com/thumb_5147616_uploaded_image1_1737554003.jpg
300,16.000.000,"Mbour, Sénégal",https://sn.coinafrique.com/https://images.coinafrique.com/thumb_5147599_uploaded_image1_1737553441.jpg
150,7.000.000,"Dakar, Sénégal",https://sn.coinafrique.com/https://images.coinafrique.com/thumb_5185399_uploaded_image1_1739524722.jpg
150,39.999.000,"Cambérène, Dakar, Sénégal",https://sn.coinafrique.com/https://images.coinafrique.com/thumb_5192372_uploaded_image1_1739923132.jpg
165,140.000.000,"Sacré-Coeur, Dakar, Sénégal",https://sn.coinafrique.com/https://images.coinafrique.com/thumb_5167779_uploaded_image1_1738611038.jpg
180,160.000.000,"Mermoz-Sacré Coeur, Dakar, Sénégal",https://sn.coinafrique.com/https://images.coinafrique.com/thumb_5167759_uploaded_image1_1738610024.jpg
2300,2.300.000,"Dakar Plateau, Dakar, Sénégal",https://sn.coinafrique.com/https://images.coinafrique.com/thumb_5192024_uploaded_image1_1739905764.jpg
Non spécifié,30.000,"Mariste, Dakar, Sénégal",https://sn.coinafrique.com/https://images.coinafrique.com/thumb_5151186_uploaded_image1_1737720344.jpg
150,14.000.000,"Dakar, Sénégal",https://sn.coinafrique.com/https://images.coinafrique.com/thumb_5191111_uploaded_image1_1739876930.jpg
150,Prix.sur.demande,"Guediawaye, Dakar, Sénégal",https://sn.coinafrique.com/https://images.coinafrique.com/thumb_5189984_uploaded_image1_1739811583.jpg
Non spécifié,10.000.000,"Thies, Sénégal",https://sn.coinafrique.com/https://images.coinafrique.com/thumb_5189978_uploaded_image1_1739811406.jpg
200,2.000.000,"Ndiass, Sénégal",https://sn.coinafrique.com/https://images.coinafrique.com/thumb_5189915_uploaded_image1_1739808596.jpg
300,15.000.000,"Thies, Sénégal",https://sn.coinafrique.com/https://images.coinafrique.com/thumb_5189902_uploaded_image1_1739808259.jpg
150,25.000.000,"Guediawaye, Dakar, Sénégal",https://sn.coinafrique.com/https://images.coinafrique.com/thumb_5189776_uploaded_image1_1739803362.jpg
500,5.500.000,"Mbour, Sénégal",https://sn.coinafrique.com/https://images.coinafrique.com/thumb_5189532_uploaded_image1_1739796321.jpg
150,4.200.000,"Rufisque, Sénégal",https://sn.coinafrique.com/https://images.coinafrique.com/thumb_5188960_uploaded_image1_1739756010.jpg
Non spécifié,1.000.000.000,"Point E, Dakar, Sénégal",https://sn.coinafrique.com/https://images.coinafrique.com/thumb_5147659_uploaded_image1_1737555192.jpg
150,10.000.000,"Rufisque, Sénégal",https://sn.coinafrique.com/https://images.coinafrique.com/thumb_5147369_uploaded_image1_1737547007.jpg
Non spécifié,55.000.000,"Diamniadio, Sénégal",https://sn.coinafrique.com/https://images.coinafrique.com/thumb_5138832_uploaded_image1_1737061324.jpg
723,1.500.000.000,"Almadies, Dakar, Sénégal",https://sn.coinafrique.com/https://images.coinafrique.com/thumb_5138827_uploaded_image1_1737060969.jpg
279,220.000.000,"Dakar Plateau, Dakar, Sénégal",https://sn.coinafrique.com/https://images.coinafrique.com/thumb_5138824_uploaded_image1_1737060610.jpg
400,10.500.000,"Mbour, Sénégal",https://sn.coinafrique.com/https://images.coinafrique.com/thumb_5187142_uploaded_image1_1739631907.jpg
150,25.000.000,"Almadies 2, Dakar, Sénégal",https://sn.coinafrique.com/https://images.coinafrique.com/thumb_5145657_uploaded_image1_1737468452.98.jpeg
150,5.000.000,"Point E, Dakar, Sénégal",https://sn.coinafrique.com/https://images.coinafrique.com/thumb_5186683_uploaded_image1_1739607513.jpg
300,20.000.000,"Mbour, Sénégal",https://sn.coinafrique.com/https://images.coinafrique.com/thumb_5186513_uploaded_image1_1739579563.jpg
9,50.000.000,"Malikounda, Sénégal",https://sn.coinafrique.com/https://images.coinafrique.com/thumb_5186420_uploaded_image1_1739573569.jpg
225,650.000,"Thies, Sénégal",https://sn.coinafrique.com/https://images.coinafrique.com/thumb_5186346_uploaded_image1_1739568673.jpg
150,25.000.000,"Almadies 2, Dakar, Sénégal",https://sn.coinafrique.com/https://images.coinafrique.com/thumb_5138478_uploaded_image1_1737045859.jpg
400,2.500.000,"Fatick, Sénégal",https://sn.coinafrique.com/https://images.coinafrique.com/thumb_5185974_uploaded_image1_1739546717.jpg
150,Prix.sur.demande,"Thies, Sénégal",https://sn.coinafrique.com/https://images.coinafrique.com/thumb_5185851_uploaded_image1_1739543256.27.jpeg
150,Prix.sur.demande,"Rufisque, Sénégal",https://sn.coinafrique.com/https://images.coinafrique.com/thumb_5185754_uploaded_image1_1739538651.jpg
150,14.500.000,"Diamniadio, Sénégal",https://sn.coinafrique.com/https://images.coinafrique.com/thumb_5185749_uploaded_image1_1739538405.jpg
150,15.000.000,"Rufisque, Sénégal",https://sn.coinafrique.com/https://images.coinafrique.com/thumb_5143593_uploaded_image2_1737373001.jpeg
225,2.000.000,"Mbour, Sénégal",https://sn.coinafrique.com/https://images.coinafrique.com/thumb_5175866_uploaded_image1_1738984809.jpg
1200,1.850.000.000,"Point E, Dakar, Sénégal",https://sn.coinafrique.com/https://images.coinafrique.com/thumb_5185141_uploaded_image1_1739502833.jpg
250,18.000.000,"Ziguinchor, Sénégal",https://sn.coinafrique.com/https://images.coinafrique.com/thumb_5175849_uploaded_image1_1738983322.jpg
247,130.000.000,"Mariste, Dakar, Sénégal",https://sn.coinafrique.com/https://images.coinafrique.com/thumb_5184992_uploaded_image2_1739486834.jpeg
150,25.000.000,"Almadies 2, Dakar, Sénégal",https://sn.coinafrique.com/https://images.coinafrique.com/thumb_5144242_uploaded_image1_1737396762.jpg
181,550.000,"Almadies, Dakar, Sénégal",https://sn.coinafrique.com/https://images.coinafrique.com/thumb_5184639_uploaded_image1_1739469293.jpg
160,90.000.000,"Yoff, Dakar, Sénégal",https://sn.coinafrique.com/https://images.coinafrique.com/thumb_5184502_uploaded_image1_1739464733.jpg
150,4.500.000,"Rufisque, Sénégal",https://sn.coinafrique.com/https://images.coinafrique.com/thumb_5184446_uploaded_image1_1739462826.jpg
150,7.000.000,"Keur Massar, Sénégal",https://sn.coinafrique.com/https://images.coinafrique.com/thumb_5184410_uploaded_image1_1739461291.jpg
150,65.000.000,"Grand Dakar, Dakar, Sénégal",https://sn.coinafrique.com/https://images.coinafrique.com/thumb_5184237_uploaded_image1_1739454962.jpg
160,90.000.000,"Yoff, Dakar, Sénégal",https://sn.coinafrique.com/https://images.coinafrique.com/thumb_5183274_uploaded_image1_1739402621.jpg
Non spécifié,11.000.000,"Almadies 2, Dakar, Sénégal",https://sn.coinafrique.com/https://images.coinafrique.com/thumb_5167871_uploaded_image2_1738614116.jpeg
Non spécifié,320.000.000,"Almadies, Dakar, Sénégal",https://sn.coinafrique.com/https://images.coinafrique.com/thumb_5133539_uploaded_image1_1736812687.jpg
300,12.000.000,"Saly, Sénégal",https://sn.coinafrique.com/https://images.coinafrique.com/thumb_5139823_uploaded_image1_1737121826.jpg
225,2.000.000,"Ndiass, Sénégal",https://sn.coinafrique.com/https://images.coinafrique.com/thumb_5139561_uploaded_image1_1737113426.jpg
200,160.000.000,"Ouest Foire, Dakar, Sénégal",https://sn.coinafrique.com/https://images.coinafrique.com/thumb_5136613_uploaded_image1_1736962808.jpg
225,1.800.000,"Thies, Sénégal",https://sn.coinafrique.com/https://images.coinafrique.com/thumb_5136552_uploaded_image1_1736960823.jpg
172,120.000.000,"Dieuppeul-Derklé, Dakar, Sénégal",https://sn.coinafrique.com/https://images.coinafrique.com/thumb_5136982_uploaded_image1_1736975256.jpg
300,7.000.000,"Toubab Dialao, Sénégal",https://sn.coinafrique.com/https://images.coinafrique.com/thumb_5166842_uploaded_image1_1738582024.jpg
150,1.500.000,"Toubab Dialao, Sénégal",https://sn.coinafrique.com/https://images.coinafrique.com/thumb_5166828_uploaded_image1_1738581721.jpg
300,8.000.000,"Toubab Dialao, Sénégal",https://sn.coinafrique.com/https://images.coinafrique.com/thumb_5166804_uploaded_image1_1738581267.jpg
1000,Prix.sur.demande,"Thies, Sénégal",https://sn.coinafrique.com/https://images.coinafrique.com/thumb_5182058_uploaded_image1_1739357438.jpg
500,16.000.000,"Ziguinchor, Sénégal",https://sn.coinafrique.com/https://images.coinafrique.com/thumb_5181963_uploaded_image2_1739353547.jpeg
225,2.000.000,"Ndiass, Sénégal",https://sn.coinafrique.com/https://images.coinafrique.com/thumb_5181961_uploaded_image1_1739353442.jpg
150,22.000.000,"Rufisque, Sénégal",https://sn.coinafrique.com/https://images.coinafrique.com/thumb_5181918_uploaded_image1_1739351451.jpg
75,50.000.000,"Medina, Dakar, Sénégal",https://sn.coinafrique.com/https://images.coinafrique.com/thumb_5162026_uploaded_image1_1738309914.jpg
150,7.000.000,"Rufisque, Sénégal",https://sn.coinafrique.com/https://images.coinafrique.com/thumb_5181603_uploaded_image1_1739313879.jpg
Non spécifié,135.000.000,"Ngaparou, Sénégal",https://sn.coinafrique.com/https://images.coinafrique.com/thumb_5137838_uploaded_image1_1737025523.jpg
3150,Prix.sur.demande,"Almadies, Dakar, Sénégal",https://sn.coinafrique.com/https://images.coinafrique.com/thumb_5135337_uploaded_image1_1736898739.jpg
150,2.500.000,"Lac rose, Sénégal",https://sn.coinafrique.com/https://images.coinafrique.com/thumb_5139542_uploaded_image2_1737113028.jpeg
Non spécifié,115.000.000,"Almadies, Dakar, Sénégal",https://sn.coinafrique.com/https://images.coinafrique.com/thumb_5135751_uploaded_image2_1736933174.jpeg
150,1.500.000,"Toubab Dialao, Sénégal",https://sn.coinafrique.com/https://images.coinafrique.com/thumb_5155239_uploaded_image1_1737981934.jpg
225,15.000.000,"Dakar, Sénégal",https://sn.coinafrique.com/https://images.coinafrique.com/thumb_5180719_uploaded_image1_1739279304.jpg
300,9.000.000,"Toubab Dialao, Sénégal",https://sn.coinafrique.com/https://images.coinafrique.com/thumb_5155221_uploaded_image1_1737981256.jpg
150,14.500.000,"Diamniadio, Sénégal",https://sn.coinafrique.com/https://images.coinafrique.com/thumb_5180461_uploaded_image1_1739270007.jpg
300,16.500.000,"Saly, Sénégal",https://sn.coinafrique.com/https://images.coinafrique.com/thumb_5179815_uploaded_image1_1739224174.jpg
2250,25.000.000,"Toubab Dialao, Sénégal",https://sn.coinafrique.com/https://images.coinafrique.com/thumb_5179803_uploaded_image1_1739223773.jpg
150,4.800.000,"Rufisque, Sénégal",https://sn.coinafrique.com/https://images.coinafrique.com/thumb_5179577_uploaded_image1_1739213310.jpg
1000,500.000,"Patte d'oie, Dakar, Sénégal",https://sn.coinafrique.com/https://images.coinafrique.com/thumb_5179423_uploaded_image1_1739207702.jpg
300,15.000.000,"Mbour, Sénégal",https://sn.coinafrique.com/https://images.coinafrique.com/thumb_5178967_uploaded_image1_1739191532.jpg
1500,525.000.000,"Saly, Sénégal",https://sn.coinafrique.com/https://images.coinafrique.com/thumb_5143622_uploaded_image1_1737373809.jpg
150,4.600.000,"Keur Massar, Sénégal",https://sn.coinafrique.com/https://images.coinafrique.com/thumb_5178755_uploaded_image1_1739184339.jpg
17722,40.000,"Mbour, Sénégal",https://sn.coinafrique.com/https://images.coinafrique.com/thumb_5129908_uploaded_image1_1736589414.jpg
300,2.500.000,"Mbour, Sénégal",https://sn.coinafrique.com/https://images.coinafrique.com/thumb_5130211_uploaded_image1_1736604066.jpg
400,10.000.000,"Mbour, Sénégal",https://sn.coinafrique.com/https://images.coinafrique.com/thumb_5129882_uploaded_image1_1736588583.jpg
225,3.000.000,"Mbour, Sénégal",https://sn.coinafrique.com/https://images.coinafrique.com/thumb_5130179_uploaded_image1_1736602972.jpg
50000,4.000,"Mbour, Sénégal",https://sn.coinafrique.com/https://images.coinafrique.com/thumb_5130169_uploaded_image1_1736602649.jpg
300,18.000.000,"Mbour, Sénégal",https://sn.coinafrique.com/https://images.coinafrique.com/thumb_5129874_uploaded_image1_1736588291.jpg
300,11.000.000,"Mbour, Sénégal",https://sn.coinafrique.com/https://images.coinafrique.com/thumb_5135955_uploaded_image1_1736940853.jpg
625,50.000.000,"Mbour, Sénégal",https://sn.coinafrique.com/https://images.coinafrique.com/thumb_5133935_uploaded_image1_1736850167.jpg
150,10.000.000,"Rufisque, Sénégal",https://sn.coinafrique.com/https://images.coinafrique.com/thumb_5177224_uploaded_image1_1739094183.jpg
227,1.500.000,"Thies, Sénégal",https://sn.coinafrique.com/https://images.coinafrique.com/thumb_5176034_uploaded_image1_1739004976.jpg
150,26.000.000,"Dakar, Sénégal",https://sn.coinafrique.com/https://images.coinafrique.com/thumb_5175800_uploaded_image1_1738976456.jpg
225,60.000.000,"Keur Massar, Sénégal",https://sn.coinafrique.com/https://images.coinafrique.com/thumb_5175789_uploaded_image1_1738975816.jpg
200,80.000.000,"Yoff, Dakar, Sénégal",https://sn.coinafrique.com/https://images.coinafrique.com/thumb_5175379_uploaded_image1_1738951874.jpg
150,24.000.000,"Dakar, Sénégal",https://sn.coinafrique.com/https://images.coinafrique.com/thumb_5174123_uploaded_image1_1738894555.jpg
325,180.000.000,"Sicap Liberté, Dakar, Sénégal",https://sn.coinafrique.com/https://images.coinafrique.com/thumb_5129268_uploaded_image1_1736539012.jpg
382,20.000.000,"Kaolack, Sénégal",https://sn.coinafrique.com/https://images.coinafrique.com/thumb_5173397_uploaded_image1_1738858672.jpg
225,50.000.000,"Mbao, Dakar, Sénégal",https://sn.coinafrique.com/https://images.coinafrique.com/thumb_5124856_uploaded_image1_1736334403.jpg
Non spécifié,1.000.000,"Mermoz-Sacré Coeur, Dakar, Sénégal",https://sn.coinafrique.com/https://images.coinafrique.com/thumb_5127381_uploaded_image1_1736442191.jpg
2044,1.226.400.000,"Damel, Dakar, Sénégal",https://sn.coinafrique.com/https://images.coinafrique.com/thumb_5173022_uploaded_image1_1738845882.jpg
150,10.000.000,"Keur Massar, Sénégal",https://sn.coinafrique.com/https://images.coinafrique.com/thumb_5171695_uploaded_image2_1738774433.jpeg
900,13.200.000,"Ndiass, Sénégal",https://sn.coinafrique.com/https://images.coinafrique.com/thumb_5171680_uploaded_image1_1738773729.jpg
240000,Prix.sur.demande,"Thies, Sénégal",https://sn.coinafrique.com/https://images.coinafrique.com/thumb_5170814_uploaded_image1_1738746182.jpg
160,27.000.000,"Rufisque, Sénégal",https://sn.coinafrique.com/https://images.coinafrique.com/thumb_5170646_uploaded_image1_1738735409.jpg
250,6.000.000,"Touba, Sénégal",https://sn.coinafrique.com/https://images.coinafrique.com/thumb_5170537_uploaded_image1_1738717064.jpg
174,125.000.000,"HLM, Dakar, Sénégal",https://sn.coinafrique.com/https://images.coinafrique.com/thumb_5170255_uploaded_image1_1738702762.jpg
150,3.000.000,"Ndiass, Sénégal",https://sn.coinafrique.com/https://images.coinafrique.com/thumb_5170203_uploaded_image1_1738700633.jpg
150,20.000.000,"Rufisque, Sénégal",https://sn.coinafrique.com/https://images.coinafrique.com/thumb_5170110_uploaded_image1_1738697045.jpg
225,5.000.000,"Mbour, Sénégal",https://sn.coinafrique.com/https://images.coinafrique.com/thumb_5169140_uploaded_image1_1738668374.jpg
